{"versions":[0,0,1],"loadDistance":16,"viewDistance":6,"mouseSensitivity":3.0807294845581056,"globalLightLevel":1.0,"day":{"r":0.43529412150382998,"g":0.8313725590705872,"b":0.8784313797950745,"a":0.0},"night":{"r":0.0,"g":0.0235294122248888,"b":0.4627451002597809,"a":0.0},"animatedGeneration":true,"clouds":2}